Date,Clicks,Impressions,CTR,Position
2026-08-28,6,100,6%,15.4
2026-08-29,1,67,1.49%,15.3
2026-08-30,3,134,2.24%,10.9
2026-08-31,4,138,2.9%,13.6
2026-09-01,3,123,2.44%,10.7
2026-09-02,0,99,0%,13
2026-09-03,3,122,2.46%,14.5
2026-09-04,8,112,7.14%,13.5
2026-09-05,2,78,2.56%,9.7
2026-09-06,5,101,4.95%,10.2
2026-09-07,1,124,0.81%,9.8
2026-09-08,1,169,0.59%,12.9
2026-09-09,2,122,1.64%,14
2026-09-10,3,114,2.63%,11.5
2026-09-11,17,1179,1.44%,8.2
2026-09-12,21,2679,0.78%,8.5
2026-09-13,12,1479,0.81%,9
2026-09-14,8,707,1.13%,8.4
2026-09-15,8,674,1.19%,8.9
2026-09-16,2,419,0.48%,8.7
2026-09-17,5,381,1.31%,8.2
2026-09-18,5,307,1.63%,8.3
2026-09-19,3,158,1.9%,7.9
2026-09-20,2,112,1.79%,8.5
2026-09-21,4,100,4%,7.3
2026-09-22,1,89,1.12%,10.3
2026-09-23,5,112,4.46%,8.4
2026-09-24,4,134,2.99%,9.9