Country,Clicks,Impressions,CTR,Position
Australia,129,8685,1.49%,9.03
United States,3,769,0.39%,8.98
New Zealand,2,80,2.5%,10.05
Philippines,2,21,9.52%,18.05
United Kingdom,1,111,0.9%,8.14
Canada,1,41,2.44%,7.88
France,1,16,6.25%,9.81
Brazil,0,29,0%,8.52
India,0,27,0%,12.7
Indonesia,0,25,0%,16.04
Netherlands,0,23,0%,8.35
Japan,0,20,0%,13.5
Germany,0,17,0%,10.94
Thailand,0,15,0%,8.73
United Arab Emirates,0,15,0%,17.8
Hong Kong,0,14,0%,6
Italy,0,13,0%,7.31
Ireland,0,13,0%,9.69
South Korea,0,11,0%,7.73
Singapore,0,10,0%,6.4
South Africa,0,10,0%,6.7
Finland,0,9,0%,7
Vietnam,0,9,0%,40.11
Norway,0,8,0%,8.62
Malaysia,0,8,0%,11
Sweden,0,7,0%,6
Turkey,0,6,0%,19.17
Saudi Arabia,0,6,0%,23.67
Sri Lanka,0,5,0%,9.2
Spain,0,5,0%,20
China,0,4,0%,5.25
Argentina,0,4,0%,5.75
Fiji,0,4,0%,7.25
Greece,0,4,0%,7.75
Austria,0,4,0%,10.25
Bangladesh,0,4,0%,17.5
Russia,0,4,0%,64.25
Qatar,0,3,0%,1.67
Hungary,0,3,0%,6
Poland,0,3,0%,6.67
Malta,0,3,0%,7.33
Nigeria,0,3,0%,8
Denmark,0,3,0%,8.33
Israel,0,3,0%,9.33
Colombia,0,3,0%,9.67
Switzerland,0,3,0%,10
Taiwan,0,3,0%,12
Lithuania,0,3,0%,30.33
Uzbekistan,0,2,0%,5
Belgium,0,2,0%,6
Pakistan,0,2,0%,6
Mexico,0,2,0%,7
Cambodia,0,2,0%,9.5
Algeria,0,2,0%,42.5
Dominican Republic,0,2,0%,60
Morocco,0,2,0%,61
Bolivia,0,1,0%,1
Cook Islands,0,1,0%,2
Georgia,0,1,0%,2
Ghana,0,1,0%,2
Puerto Rico,0,1,0%,3
Ecuador,0,1,0%,4
Croatia,0,1,0%,5
Oman,0,1,0%,5
Romania,0,1,0%,5
New Caledonia,0,1,0%,6
Albania,0,1,0%,7
Rwanda,0,1,0%,7
Serbia,0,1,0%,7
Vanuatu,0,1,0%,7
Gabon,0,1,0%,8
Lebanon,0,1,0%,8
Portugal,0,1,0%,8
Samoa,0,1,0%,8
Norfolk Island,0,1,0%,9
Slovakia,0,1,0%,9
Moldova,0,1,0%,10
Timor-Leste,0,1,0%,10
Nepal,0,1,0%,11
Trinidad & Tobago,0,1,0%,11
Chile,0,1,0%,13
Suriname,0,1,0%,29
Guatemala,0,1,0%,42
Belarus,0,1,0%,107