Top pages,Clicks,Impressions,CTR,Position
https://www.nickosullivan.id.au/posts/great-northern-hotel-townsville-fire-memories/,55,6849,0.8%,8.53
https://www.nickosullivan.id.au/,19,365,5.21%,13.32
https://www.nickosullivan.id.au/posts/nq-cyber-watch-townsville-gym-data-breach-police-officers/,11,386,2.85%,7.05
https://www.nickosullivan.id.au/posts/townsville-computer-stores-past-and-future/,8,347,2.31%,7.99
https://www.nickosullivan.id.au/posts/townsville-affordable-living-precinct-announced-then-refused/,6,45,13.33%,6.56
https://www.nickosullivan.id.au/posts/the-problem-with-being-called-nick-in-townsville/,5,57,8.77%,7.72
https://www.nickosullivan.id.au/posts/free-ai-cyber-security-workshop-townsville/,5,28,17.86%,5.29
https://blog.nickosullivan.id.au/2021/04/configuring-ipv6-with-aussie-broadband/,3,358,0.84%,10.49
https://www.nickosullivan.id.au/about/,3,189,1.59%,7.44
https://www.nickosullivan.id.au/posts/nicholas-townsville-competing-with-a-brewery/,3,126,2.38%,5.44
https://www.nickosullivan.id.au/posts/regional-connectivity-program-north-queensland/,3,90,3.33%,6.1
https://blog.nickosullivan.id.au/,3,16,18.75%,7.44
https://www.nickosullivan.id.au/posts/cyber-security-townsville-training-jobs-businesses/,2,33,6.06%,7.88
https://www.nickosullivan.id.au/posts/townsville-cyber-security-hub-what-happened/,2,17,11.76%,7.35
https://www.nickosullivan.id.au/posts/nq-cyber-watch-tcc-ransomware-attack/,1,115,0.87%,7.43
https://www.nickosullivan.id.au/posts/school-marketing-ai-deepfakes-student-photos/,1,97,1.03%,4.99
https://www.nickosullivan.id.au/posts/nq-cyber-watch-westco-motors-cairns-ransomware-claim/,1,31,3.23%,9.35
https://www.nickosullivan.id.au/posts/ubiquiti-training-townsville-tecnq-leader/,1,18,5.56%,7.06
https://www.nickosullivan.id.au/consulting/,1,18,5.56%,33.5
https://www.nickosullivan.id.au/posts/uts-network-modernisation-part-one/,1,15,6.67%,4.53
https://blog.nickosullivan.id.au/2026/09/op-shop-story/,1,14,7.14%,6.5
https://blog.nickosullivan.id.au/2026/08/christian-full-body-blessing-for-children-bedtime/,1,6,16.67%,14
https://www.nickosullivan.id.au/my-testimony/,1,2,50%,8.5
https://www.nickosullivan.id.au/categories/north-queensland/,1,1,100%,9
https://blog.nickosullivan.id.au/tags/overcomingms/,1,1,100%,30
https://blog.nickosullivan.id.au/2021/08/cheapa-campa-review/,0,194,0%,15.52
https://blog.nickosullivan.id.au/2021/12/servicing-a-hyundai-getz/,0,98,0%,11.71
https://www.nickosullivan.id.au/posts/privacy-act-reforms-2026-what-is-changing/,0,96,0%,10.35
https://blog.nickosullivan.id.au/2020/06/sealing-a-concrete-slab/,0,95,0%,13.16
https://www.nickosullivan.id.au/posts/afp-teampcp-supply-chain-investigation/,0,75,0%,7.89
https://www.nickosullivan.id.au/posts/,0,64,0%,32.06
https://www.nickosullivan.id.au/posts/five-cyber-security-podcasts/,0,59,0%,7.81
https://www.nickosullivan.id.au/posts/from-trivy-to-github-teampcp-blast-radius/,0,43,0%,7.98
https://www.nickosullivan.id.au/posts/queensland-free-cyber-security-ai-microcredentials/,0,41,0%,13.49
https://www.nickosullivan.id.au/posts/privacy-act-reforms-independent-schools-governance/,0,27,0%,5.96
https://www.nickosullivan.id.au/posts/page/5/,0,24,0%,48.58
https://www.nickosullivan.id.au/disclaimer/,0,22,0%,9.86
https://www.nickosullivan.id.au/privacy/,0,17,0%,11.06
https://www.nickosullivan.id.au/posts/nq-cyber-watch-nick-scali-security-incident/,0,16,0%,7.12
https://www.nickosullivan.id.au/posts/north-queensland-cyber-security-jobs-2025-2026/,0,15,0%,5.27
https://www.nickosullivan.id.au/categories/,0,15,0%,29.73
https://www.nickosullivan.id.au/posts/why-id-au-domain-professional-portfolio/,0,14,0%,7.64
https://www.nickosullivan.id.au/posts/blog-digital-inclusion-nq/,0,13,0%,6.46
https://www.nickosullivan.id.au/skills/,0,13,0%,14.08
https://www.nickosullivan.id.au/posts/nq-cyber-watch-townsville-schools-canvas-breach/,0,12,0%,4.83
https://blog.nickosullivan.id.au/2021/03/facebook-marketplace-tech-bargains/,0,12,0%,11.08
https://www.nickosullivan.id.au/posts/nq-cyber-watch-oz-hair-beauty-data-breach/,0,11,0%,6.64
https://www.nickosullivan.id.au/posts/secure-by-design-least-privilege-defence-in-depth/,0,11,0%,7.73
https://www.nickosullivan.id.au/tags/townsville/,0,10,0%,8.3
https://www.nickosullivan.id.au/posts/uts-network-modernisation-part-two/,0,9,0%,4.33
https://blog.nickosullivan.id.au/2016/08/the-measure-of-success/,0,9,0%,9.56
https://blog.nickosullivan.id.au/2020/06/the-toyota-service-difference-free-coffee/,0,9,0%,13.11
https://www.nickosullivan.id.au/posts/nq-cyber-watch-sugar-mill-ransomware/,0,8,0%,6
https://www.nickosullivan.id.au/posts/page/2/,0,8,0%,6.38
https://www.nickosullivan.id.au/archives/,0,8,0%,24.62
https://blog.nickosullivan.id.au/disclaimer/,0,7,0%,4.71
https://www.nickosullivan.id.au/posts/page/4/,0,7,0%,5.86
https://blog.nickosullivan.id.au/2026/09/op-shop-story-part-two/,0,7,0%,7.14
https://www.nickosullivan.id.au/posts/cyber-risk-independent-schools-australia/,0,7,0%,7.71
https://www.nickosullivan.id.au/posts/asset-security-identity-access-management/,0,7,0%,8.43
https://www.nickosullivan.id.au/posts/testing-defences-failing-safely-ai-era/,0,7,0%,27.86
https://www.nickosullivan.id.au/posts/sfia-clearer-technical-job-advertisements/,0,6,0%,6.67
https://www.nickosullivan.id.au/tags/cyber-security/,0,6,0%,8.83
https://blog.nickosullivan.id.au/privacy/,0,5,0%,7.8
https://www.nickosullivan.id.au/posts/nq-cyber-watch-tce-auto-forwarding-breach/,0,4,0%,5
https://blog.nickosullivan.id.au/2020/08/tinting-a-window/,0,4,0%,8.25
https://blog.nickosullivan.id.au/2020/06/raspberry-pi-12v-alarm-system/,0,4,0%,18.5
https://blog.nickosullivan.id.au/me/,0,4,0%,19.75
https://www.nickosullivan.id.au/tags/,0,4,0%,27.25
https://www.nickosullivan.id.au/posts/the-ubiquiti-uap-that-won-me-over/,0,3,0%,3
https://www.nickosullivan.id.au/posts/service-doesnt-always-happen-on-a-stage/,0,3,0%,5.33
https://www.nickosullivan.id.au/posts/asd-frontier-ai-guidance-for-boards/,0,3,0%,6
https://www.nickosullivan.id.au/tags/data-breach/,0,3,0%,6.67
https://www.nickosullivan.id.au/tags/north-queensland-cyber-watch/,0,3,0%,10.33
https://www.nickosullivan.id.au/tags/mackay/,0,3,0%,12
https://www.nickosullivan.id.au/tags/secure-by-design/,0,3,0%,12
https://www.nickosullivan.id.au/tags/general/,0,3,0%,26.33
https://blog.nickosullivan.id.au/contact-me/,0,3,0%,40.33
https://blog.nickosullivan.id.au/2026/08/working-as-for-the-lord/,0,2,0%,5
https://blog.nickosullivan.id.au/tags/australia/,0,2,0%,5
https://www.nickosullivan.id.au/posts/why-i-built-free-cyber-security-check/,0,2,0%,5
https://www.nickosullivan.id.au/posts/cyber-security-consultant-townsville/,0,2,0%,9.5
https://www.nickosullivan.id.au/posts/can-they-email-as-me/,0,2,0%,10
https://www.nickosullivan.id.au/tags/personal/,0,2,0%,10
https://www.nickosullivan.id.au/tags/education/,0,2,0%,11
https://www.nickosullivan.id.au/posts/page/3/,0,2,0%,13
https://www.nickosullivan.id.au/tags/small-business/,0,2,0%,17.5
https://blog.nickosullivan.id.au/tags/family/,0,2,0%,21
https://blog.nickosullivan.id.au/tags/church-camp/,0,2,0%,27
https://www.nickosullivan.id.au/tags/fundamentals/,0,2,0%,45.5
https://blog.nickosullivan.id.au/my-testimony/,0,2,0%,51.5
https://www.nickosullivan.id.au/posts/ai-changing-cyber-security-fundamentals-still-matter/,0,2,0%,59
https://www.nickosullivan.id.au/posts/five-cybersecurity-podcasts/,0,1,0%,1
https://www.nickosullivan.id.au/posts/nq-cyber-watch-townsville-gym-data-breach-police-officers/#a-data-breach-is-not-automatically-a-hack,0,1,0%,2
https://www.nickosullivan.id.au/posts/nq-cyber-watch-townsville-gym-data-breach-police-officers/#gyms-run-on-member-databases,0,1,0%,2
https://www.nickosullivan.id.au/posts/nq-cyber-watch-townsville-gym-data-breach-police-officers/#how-much-of-a-story-is-this-really,0,1,0%,2
https://www.nickosullivan.id.au/posts/nq-cyber-watch-townsville-gym-data-breach-police-officers/#what-an-ai-agent-found-in-a-gyms-booking-api,0,1,0%,2
https://www.nickosullivan.id.au/posts/nq-cyber-watch-townsville-gym-data-breach-police-officers/#what-has-been-reported,0,1,0%,2
https://www.nickosullivan.id.au/posts/nq-cyber-watch-townsville-gym-data-breach-police-officers/#what-is-reported-alleged-and-still-unknown,0,1,0%,2
https://www.nickosullivan.id.au/posts/nq-cyber-watch-townsville-gym-data-breach-police-officers/#when-the-platform-is-the-single-point-of-failure,0,1,0%,2
https://blog.nickosullivan.id.au/2026/08/faith-at-work-ruth-and-boaz/,0,1,0%,5
https://www.nickosullivan.id.au/posts/agentic-ai-attack-surface-schools-nfps-businesses/,0,1,0%,5
https://blog.nickosullivan.id.au/2020/07/setting-up-the-new-shed/,0,1,0%,6
https://blog.nickosullivan.id.au/2026/08/faithful-in-every-role/,0,1,0%,6
https://www.nickosullivan.id.au/tags/volunteering/,0,1,0%,7
https://blog.nickosullivan.id.au/page11/,0,1,0%,13
https://www.nickosullivan.id.au/tags/privacy/,0,1,0%,16
https://www.nickosullivan.id.au/tags/governance/,0,1,0%,18
https://www.nickosullivan.id.au/tags/automotive/,0,1,0%,19
https://www.nickosullivan.id.au/posts/October-2024-update/,0,1,0%,21
https://www.nickosullivan.id.au/tags/personal-reflections/,0,1,0%,21
https://www.nickosullivan.id.au/tags/networking/,0,1,0%,24
https://www.nickosullivan.id.au/tags/local-business/,0,1,0%,26
https://blog.nickosullivan.id.au/tags/the-word-for-today/,0,1,0%,31
https://blog.nickosullivan.id.au/tags/everyday-faith/,0,1,0%,36
https://blog.nickosullivan.id.au/tags/workplace/,0,1,0%,38
https://blog.nickosullivan.id.au/tags/fitness/,0,1,0%,40
https://blog.nickosullivan.id.au/tags/david/,0,1,0%,47
https://www.nickosullivan.id.au/posts/network-upgrade-proposal-from-the-archive/,0,1,0%,53
https://blog.nickosullivan.id.au/tags/ruth/,0,1,0%,54
https://www.nickosullivan.id.au/posts/automating-my-homelab/,0,1,0%,54
https://blog.nickosullivan.id.au/tags/life/,0,1,0%,62
https://blog.nickosullivan.id.au/2017/12/classic-iced-long-black/,0,1,0%,65