Top queries,Clicks,Impressions,CTR,Position
great northern hotel,4,205,1.95%,10.36
great northern hotel townsville,3,605,0.5%,11.19
great northern hotel flinders street,2,613,0.33%,7.76
the great northern hotel townsville,2,170,1.18%,11.34
digital matrix townsville,2,54,3.7%,5.94
cyber security townsville,2,29,6.9%,24.45
great northern hotel townsville fire,2,19,10.53%,10.47
digital matrix computers,2,2,100%,2.5
great northern hotel fire,1,670,0.15%,9.87
digital matrix,1,83,1.2%,7.19
flinders street great northern hotel,1,45,2.22%,6.38
nick o'sullivan,1,44,2.27%,4.8
500 flinders street townsville,1,41,2.44%,3.63
selwyn nicholas,1,38,2.63%,4.82
the great northern hotel,1,37,2.7%,11.03
who owns the great northern hotel townsville,1,34,2.94%,7.71
"great northern hotel, townsville",1,28,3.57%,10.75
northern hotel townsville,1,23,4.35%,12.48
great northern hotel flinders street fire,1,22,4.55%,8.5
nicholas o'sullivan,1,17,5.88%,3.65
holly fishlock,1,15,6.67%,9.27
nick osullivan,1,10,10%,6.3
digital matrix fire,1,9,11.11%,2.22
common threads op shop,1,3,33.33%,4.33
fire townsville,1,3,33.33%,9.67
it consultant townsville,1,2,50%,20
is tcc bad,1,1,100%,5
checkmarx incident,1,1,100%,10
"great northern hotel, townsville photos",0,184,0%,3.63
great northern hotel flinders st,0,180,0%,8.46
great northern townsville,0,108,0%,10.06
great northern hotel flinders,0,80,0%,8.94
nicholas sullivan,0,72,0%,8.14
aussie broadband ipv6,0,62,0%,10.31
the great northern hotel flinders street,0,42,0%,8.9
who owns the great northern hotel in townsville,0,38,0%,6.5
flinders st great northern hotel,0,37,0%,8.84
hotel fire townsville,0,36,0%,8.83
ransomware protection townsville,0,32,0%,49.56
cheapa campers,0,31,0%,13.81
the great northern hotel fire,0,29,0%,10.52
townsville hotel fire,0,25,0%,9.92
selwyn nicholas brewing co,0,24,0%,6.5
aussie broadband ipv6 settings,0,24,0%,9.33
great northern pub townsville,0,23,0%,11.87
great northern hotel townsville history,0,21,0%,4.05
great northern hotel townsville owner,0,21,0%,7.19
cheapa campa,0,21,0%,15.1
getz service,0,21,0%,15.24
gym data security,0,21,0%,27.14
townsville great northern hotel,0,20,0%,11.45
great northern pub fire,0,19,0%,8.74
who owns great northern hotel townsville,0,18,0%,8.28
campa,0,18,0%,16.83
cheapacampa.com.au,0,18,0%,25.94
the great northern townsville,0,17,0%,10.88
great northern hotel townsville location,0,16,0%,8.75
great northern hotel townsville address,0,16,0%,9.06
great northern hotel fire townsville,0,16,0%,10.44
cheapa,0,16,0%,16.62
nick o sullivan,0,14,0%,5.21
aussiebroadband ipv6,0,13,0%,9.08
site:id.au,0,13,0%,72.54
great northern hotel townsville closed,0,12,0%,10.5
great northen hotel fire,0,12,0%,10.83
great northern hotel in flinders street,0,11,0%,6.64
"site:github.io ""lastpass""",0,11,0%,102
hyundai getz service cost,0,10,0%,22.9
cheapa campa reviews,0,9,0%,3.22
great northern hotel townsville owners,0,9,0%,5.22
great northern hotel photos,0,9,0%,7
ipv6 aussie broadband,0,9,0%,8.78
fire great northern hotel,0,9,0%,10.56
"penetration testing gold coast,missing city",0,9,0%,70.11
"site:esafety.gov.au ""sharing school imagery in the age of ai""",0,8,0%,3.5
selwyn nicholas brewing co.,0,8,0%,6.38
northern hotel flinders street,0,8,0%,8.12
hotel fire in townsville,0,8,0%,9.25
great northen hotel,0,8,0%,9.38
great northern hotel townsville map,0,7,0%,6.86
townsville computer store,0,7,0%,10.29
great northern hotel qld,0,7,0%,11.14
cheapa campa australia,0,7,0%,15.14
australian privacy act december 2026,0,7,0%,51.57
where is the great northern hotel in townsville,0,6,0%,9.5
great northern hotel tsv,0,6,0%,9.83
oz hair and beauty townsville,0,5,0%,7.4
whirlpool ipv6 abb,0,5,0%,7.6
great northern fire,0,5,0%,8.8
great northern hotel flinders st townsville,0,5,0%,9.8
great northern townsville fire,0,5,0%,10.4
great northern hotel flinders street townsville,0,5,0%,10.6
great nothern hotel,0,5,0%,10.6
computer store townsville,0,5,0%,12.6
how to seal a concrete slab,0,5,0%,12.6
hyundai getz service,0,5,0%,13.8
cyber security services townsville,0,5,0%,16.2
cheapa 4 berth,0,5,0%,22
selwyn nicholas brewery,0,4,0%,6
selwyn brewery,0,4,0%,7.75
matrix computers townsville,0,4,0%,8.5
computer stores townsville,0,4,0%,10.25
how to seal concrete slab,0,4,0%,11.25
cyber security podcasts,0,4,0%,15.25
shopping websites townsville,0,4,0%,26.75
common threads op shop townsville,0,3,0%,5.67
yes,0,3,0%,5.67
free artificial intelligence tafe courses qld,0,3,0%,6.67
digital matrix computers townsville,0,3,0%,7.67
great northern hotel near townsville city qld,0,3,0%,7.67
townsville great northern,0,3,0%,8
great northern flinders street,0,3,0%,9
great northern hotel fire flinders street,0,3,0%,9.67
great northen hotel townsville,0,3,0%,10
digital matrix computers reviews,0,3,0%,10.33
great northern hotel in townsville,0,3,0%,10.33
great nothern hotel townsville,0,3,0%,10.33
the great northern pub,0,3,0%,10.67
great northern hotel melbourne fire,0,3,0%,11.33
cheapacampa,0,3,0%,15.67
sealing shed to concrete base,0,3,0%,23
nick sullivan,0,3,0%,29
it consultants townsville,0,3,0%,48.67
tg789 modem,0,2,0%,2
excel fitness data breach,0,2,0%,8
common thread op shop,0,2,0%,8.5
great northern pub fire townsville,0,2,0%,9
nick security,0,2,0%,9.5
great northern fire townsville,0,2,0%,10
great northern pub,0,2,0%,10.5
great northern pub townsville fire,0,2,0%,10.5
northern hotel fire,0,2,0%,10.5
computer shops townsville,0,2,0%,11
does aussie broadband support ipv6,0,2,0%,11
townsville great northern hotel fire,0,2,0%,11
great northern hotel.townsville,0,2,0%,13
sealing new concrete slab,0,2,0%,17
nic sullivan,0,2,0%,21
raspberry pi alarm system,0,2,0%,25
security podcasts,0,2,0%,29
microsoft cloud services townsville,0,2,0%,30.5
nbn ipv6,0,2,0%,39
privacy act amendments 2026,0,2,0%,48.5
cheapacampa.co.nz,0,2,0%,50
ai cyber security,0,2,0%,59
it security services townsville,0,2,0%,74
ai security testing,0,2,0%,78
any in queensland,0,1,0%,1
how did it start,0,1,0%,1
is flinders street open to traffic,0,1,0%,1
it security podcasts,0,1,0%,1
new market hotel fire,0,1,0%,1
nicholas o sullivan,0,1,0%,1
nicholas sullivan near me,0,1,0%,1
school,0,1,0%,1
any photos,0,1,0%,2
crm breach,0,1,0%,3
i meant more.,0,1,0%,3
more details please,0,1,0%,3
what is the best tool for itil v4?,0,1,0%,3
facebook marketplace contact number,0,1,0%,4
history,0,1,0%,4
is the hotel still there,0,1,0%,4
specialist store,0,1,0%,4
cyber problems today,0,1,0%,5
i'm a teacher,0,1,0%,5
uts $20 million network modernization,0,1,0%,5
what was it called before,0,1,0%,5
whats the exact date,0,1,0%,5
will it be restored,0,1,0%,5
dive in,0,1,0%,6
great nortern hotel,0,1,0%,7
nick scali cyber attack,0,1,0%,7
slab preparation,0,1,0%,7
uts network,0,1,0%,7
where is the great northern hotel townsville,0,1,0%,7
body blessing prayer for kids,0,1,0%,8
free government funded ai courses,0,1,0%,8
great northern hotel location,0,1,0%,8
last couple of months,0,1,0%,8
the great northern hotel in townsville,0,1,0%,8
the great northern pub townsville,0,1,0%,8
townsville computers,0,1,0%,8
what happend,0,1,0%,8
"""inventory software"" -""3pl"" -""bug"" -""crash"" -""crypto"" -""fulfillment center"" 
-""game"" -""glitch"" -""hire"" -""hiring"" -""resume"" -""stock trading"" -""third 
party logistics"" -""video"" -site:reddit.com -site:twitter.com -site:x.com 
-site:wykop.pl -site:tripadvisor.com -site:youtube.com -site:yelp.com 
-site:booking.com -site:facebook.com -site:instagram.com -site:tiktok.com",0,1,0%,9
"""lastpass"" -site:reddit.com -site:twitter.com -site:x.com -site:wykop.pl 
-site:tripadvisor.com -site:youtube.com -site:yelp.com -site:booking.com 
-site:facebook.com -site:instagram.com -site:tiktok.com",0,1,0%,9
great nirthern hotel,0,1,0%,9
pc store townsville,0,1,0%,9
great norther hotel townsville,0,1,0%,10
great northern.hotel,0,1,0%,10
greatnorthernhotel,0,1,0%,10
nicholas nick,0,1,0%,10
podcast cyber security,0,1,0%,10
podcasts about cyber security,0,1,0%,10
concrete slab for shed,0,1,0%,11
cyberwatch systems,0,1,0%,11
dennis computers,0,1,0%,11
great borthern hotel,0,1,0%,11
great norther hotel,0,1,0%,11
great northern hotel burnt down,0,1,0%,11
great northern hotel fire today,0,1,0%,11
pouring a slab for a shed,0,1,0%,11
townsville computer shops,0,1,0%,11
townsville pub fire,0,1,0%,11
cheapa campervan,0,1,0%,12
great northern hotel townsville on fire,0,1,0%,12
great nothern pub,0,1,0%,12
great notthern hotel,0,1,0%,12
hotel great northern townsville,0,1,0%,12
how to make concrete slab for shed,0,1,0%,12
pc shop townsville,0,1,0%,12
great northern hotel townsville inside,0,1,0%,13
great.northern hotel,0,1,0%,13
seal slab,0,1,0%,13
slab sealing,0,1,0%,13
townsville great northern pub,0,1,0%,13
where is the great northern hotel,0,1,0%,13
www.techbargains.com,0,1,0%,14
shed slabs,0,1,0%,15
tg789,0,1,0%,18
how to pour a concrete slab for a shed,0,1,0%,19
north sullivan,0,1,0%,19
pc stores townsville,0,1,0%,19
techbargains,0,1,0%,19
townsville pub burns down,0,1,0%,21
seal concrete slab,0,1,0%,22
sealing concrete slab,0,1,0%,23
software supply chain attack news 2026,0,1,0%,24
townsville christian college,0,1,0%,24
teampcp,0,1,0%,25
affordable housing townsville,0,1,0%,27
hyundai getz oil change,0,1,0%,27
chepa,0,1,0%,29
it townsville,0,1,0%,29
microsoft 365 support townsville,0,1,0%,29
aussie broadband ip address,0,1,0%,34
shed on concrete slab waterproofing,0,1,0%,34
go cheap campervan reviews,0,1,0%,35
voip townsville,0,1,0%,35
toyota free service,0,1,0%,37
waterproofing shed on concrete slab,0,1,0%,38
au ipv6,0,1,0%,39
it consulting townsville,0,1,0%,39
rummage technical,0,1,0%,42
"what is the automated decision-making provision coming to the privacy act 
in december 2026",0,1,0%,45
nick day diligence,0,1,0%,46
cloud it services townsville,0,1,0%,52
it support for small business townsville,0,1,0%,52
sherpa review,0,1,0%,52
body blessing,0,1,0%,53
business voip townsville,0,1,0%,53
pd headquarters gym,0,1,0%,58
systems integration townsville,0,1,0%,58
how to make a iced long black,0,1,0%,65